[
  {
    "id": "3f598fc5-cf20-404f-b344-993537b4e9b0",
    "data": [
      {
        "text": "hola",
        "userDefined": false
      }
    ],
    "isTemplate": false,
    "count": 0,
    "lang": "es-419",
    "updated": 0
  },
  {
    "id": "17ebd752-3f5e-42d9-a371-189ba6b9a5fd",
    "data": [
      {
        "text": "hey",
        "userDefined": false
      }
    ],
    "isTemplate": false,
    "count": 0,
    "lang": "es-419",
    "updated": 0
  },
  {
    "id": "57aa38a0-7b38-4de2-a760-1576f05eadf2",
    "data": [
      {
        "text": "saludos",
        "userDefined": false
      }
    ],
    "isTemplate": false,
    "count": 0,
    "lang": "es-419",
    "updated": 0
  },
  {
    "id": "e650f7f2-cddd-4a4f-9c84-437060b8db43",
    "data": [
      {
        "text": "hey ho",
        "userDefined": false
      }
    ],
    "isTemplate": false,
    "count": 0,
    "lang": "es-419",
    "updated": 0
  },
  {
    "id": "22d522d4-3a7f-4b86-bd44-70ae62a0d304",
    "data": [
      {
        "text": "chao",
        "userDefined": false
      }
    ],
    "isTemplate": false,
    "count": 0,
    "lang": "es-419",
    "updated": 0
  }
]