[
  {
    "id": "b41be187-84ad-404d-8b13-080b5f7b88f6",
    "data": [
      {
        "text": "Buena Noche",
        "userDefined": false
      }
    ],
    "isTemplate": false,
    "count": 0,
    "lang": "es",
    "updated": 0
  },
  {
    "id": "92924f23-e037-4a08-8055-efeaa75885e0",
    "data": [
      {
        "text": "Buena Tarde",
        "userDefined": false
      }
    ],
    "isTemplate": false,
    "count": 0,
    "lang": "es",
    "updated": 0
  },
  {
    "id": "c12457a4-9053-4ad5-96d2-070a086889c5",
    "data": [
      {
        "text": "Buen día",
        "userDefined": false
      }
    ],
    "isTemplate": false,
    "count": 0,
    "lang": "es",
    "updated": 0
  },
  {
    "id": "3f598fc5-cf20-404f-b344-993537b4e9b0",
    "data": [
      {
        "text": "hola",
        "userDefined": false
      }
    ],
    "isTemplate": false,
    "count": 0,
    "lang": "es",
    "updated": 0
  },
  {
    "id": "17ebd752-3f5e-42d9-a371-189ba6b9a5fd",
    "data": [
      {
        "text": "hey",
        "userDefined": false
      }
    ],
    "isTemplate": false,
    "count": 0,
    "lang": "es",
    "updated": 0
  },
  {
    "id": "57aa38a0-7b38-4de2-a760-1576f05eadf2",
    "data": [
      {
        "text": "saludos",
        "userDefined": false
      }
    ],
    "isTemplate": false,
    "count": 0,
    "lang": "es",
    "updated": 0
  }
]