[
  {
    "id": "e338d81f-8f43-4eb1-bae9-acb8022b5544",
    "data": [
      {
        "text": "Dr Pedro Lara",
        "meta": "@Nombres",
        "alias": "Nombres",
        "userDefined": false
      }
    ],
    "isTemplate": false,
    "count": 0,
    "lang": "es",
    "updated": 0
  },
  {
    "id": "f4f4a614-a548-4bb0-a31c-1a9a58b8a70a",
    "data": [
      {
        "text": "Dr ",
        "userDefined": false
      },
      {
        "text": "José",
        "meta": "@sys.person",
        "alias": "person",
        "userDefined": false
      },
      {
        "text": " ",
        "userDefined": false
      },
      {
        "text": "Luis Mendoza",
        "meta": "@Nombres",
        "alias": "Nombres",
        "userDefined": false
      }
    ],
    "isTemplate": false,
    "count": 0,
    "lang": "es",
    "updated": 0
  },
  {
    "id": "83733890-fc4a-41d8-b7b5-09369f4af25e",
    "data": [
      {
        "text": "Dra Elizabeth ",
        "userDefined": false
      },
      {
        "text": "Medina",
        "meta": "@Nombres",
        "alias": "Nombres",
        "userDefined": true
      }
    ],
    "isTemplate": false,
    "count": 0,
    "lang": "es",
    "updated": 0
  }
]